Date,Location,Temperature,Humidity,Filename
2024/04/02 10:30,Outside,68,43,segment_10
2024/04/03 06:15,Inside,65,45,segment_11
2024/04/03 15:22,Outside,73,38,segment_12
2024/04/04 09:40,Inside,69,41,segment_13
2024/04/04 17:05,Outside,75,35,segment_14
2024/04/05 08:25,Inside,67,44,segment_15
2024/04/06 12:38,Outside,71,39,segment_16
2024/04/06 14:15,Inside,73,37,segment_17
2024/04/07 10:50,Outside,68,42,segment_18
2024/04/08 07:22,Inside,64,48,segment_19
2024/04/08 16:40,Outside,76,33,segment_20
2024/04/09 11:15,Inside,70,40,segment_21
2024/04/10 09:30,Outside,66,46,segment_22
2024/04/10 13:55,Inside,72,38,segment_23
2024/04/11 08:10,Outside,63,49,segment_24
2024/04/12 10:45,Inside,69,42,segment_25
2024/04/12 15:20,Outside,74,36,segment_26
2024/04/13 12:05,Inside,71,39,segment_27
2024/04/14 09:15,Outside,67,44,segment_28
2024/04/14 16:30,Inside,75,35,segment_29
2024/04/15 11:25,Outside,70,40,segment_30
2024/04/16 08:40,Inside,66,45,segment_31
2024/04/16 14:55,Outside,73,37,segment_32
2024/04/17 10:20,Inside,69,41,segment_1
2024/04/17 17:35,Outside,76,34,segment_2
2024/04/18 09:05,Inside,65,46,segment_3
